I always found it hard to believe David would be comparing salaries/benefits with the buyout number. It's not like that money just goes down the drain; they would be providing value to the company as workers.
"""4:11 """"our balls are in your court"""".
Bet you didn't get it the first time."""
WE know.
–ö–æ–≥–¥–∞ –¥–µ–ª–æ –¥–æ—Ö–æ–¥–∏—Ç –¥–æ –Ω–∞—Å—Ç–æ—è—â–µ–≥–æ –±–∏–∑–Ω–µ—Å–∞ - –ú–∞–π–∫–ª –≥–µ–Ω–∏–π
ey yo wat up string
üôè
3:48 golden
I‚Äôd work for David Wallace for real!
Richard gotcha
4:56 that's Gru
"""""""I think I just need to wait out you."""" What a fucking power move."""
I don't think Michael has been more pragmatic in the entire 7 seasons he was there!
Michael comes thru in the most unexpected times...hahaha! Our balls are in your court..
Michael you are the man!!
micheal is a genius hes just immature
"""4:12 Notice how they all lean back to establish a dominant physical position.
If only they were also whispering..."""
The deal is done 4:02
4:13 that moment is so cold ü•∂ü•∂ü•∂
I bet Stanleys view on Michael would change a little if he saw this side of him.
Bussiness isn't about money to me
What season what episode
That‚Äôs one of them!
what episode is this ?
‚Äú‚Ä¶changes in CFO‚Ä¶‚Äù  i am dying !
steve carrell. nuff said.
"""""""So, I don't think I need to wait out Dunder Mifflin. I think I just have to wait out you.""""
That line was ice cold..."""
"""""""Are balls are in your court""""  that's what she said"""
Michael saying ‚Äúwouldn‚Äôt you rather have a fishing pole than a fish? to Ryan is SO apt for the context of that exchange.
This scene expresses the high negotiation skills of michael‚Ä¶.and yet is a such a comic boss
Our balls are in your court. Stole the scene.
"""""""our balls are in your court"""" lmaoooooo"""
One of Michael's sanest moments 2:23
"""I never understood this scene, is $60k a lot?? Spilt 3 ways that's $20k each, that's barely a years rent for most people."""
"""""""Business is not about money for me"""" - Michael Scott"""
Manager for a reason
A master scene
Michael at his finest during the finest hour.
"""""""Our balls are in your court""""
~ Michael Scott"""
DM doesn‚Äôt have a non competing clause for their employees?
"""There are moments when Michael is just so amazing/competent, then others when you wonder how he ever became a branch manager: This is one of the former. üëç"""
"""1:54

David Wallace: We can finally put this whole thing behind us?

Inside Michael's head: THAT'S WHAT SHE SAID."""
Our balls are in your court.
"""ahh yess, the negotiator"""
Our balls are in your court
Shark Office
"""Legend has it, that the lady in their parcel van is still sitting waiting to go to the church"""
"""Now that I am taking an accounting class, I can finally understand the stockholders statement."""
"""""""Michael"""" 
That's one of the names"""
David Wallace never had the makings of a varsity negotiator.
0:27 jajajajajajajajajajajahahahswqjgsdushfdjhajajaja
"""""""our balls are in your court"""""""
This is where is one of the last 4 or 5 episodes of season 5 that I watch.
"""No matter how rediculous this man is, he is a genius here"""
All Wallace had to do was just answer the phones
"""David: Michael... 
Michael: THAT'S ONE OF THEM!"""
Galaxy brain Michael
Grande MICHAEL
Llor√© de alegr√≠a cuando recuper√≥ su trabajo y el de sus amigos. Obra maestra de la comedia internacional.
"""He wasn't offering $60,000 on his own."""
The subtle reference to Michaels ‚Äúsoft teeth‚Äù at 3:37 ü¶∑
LEGEND.
Michaels
Hah they don‚Äôt make seabrings anymore!
out of paper out of stock...
David Wallace is a DILF
His negotiations skills got him into Jan‚Äôs pants in early seasons
Michael Scott‚Äôs peak moment
"""On a scale of 0 to David Wallace, how much patience do you have"""
"""On a scale of 0 to David Wallace, how much patience do you have"""
I didn't know Idris Elba was in this
"""i like,""""I will just make another and another and another"""""""
Such a captivating moment
At the end you can tell Dwight was so salty.
"""It's been said before but I'll say it again, David Wallace has got to be one of the most patient characters in TV"""
"""Ryan can shut the f up , michael know what he do"""
"""‚ÄúAnd dental, this time.‚Äù Felt that one ü•≤"""
"""Michael's IQ on normal days: -20
Michael's IQ on that day: 100000000"""
I don't care if Ryan kill his whole family he's like a son to me üòÇüòÇ
Which episode is this?
stone fucking cold
And people still wonder why Michael was chosen as the manager
I don't remember this scene in The Big Short
"""@3:36:  *""""...at the Michael Scott Paper Co... in its heyday.""""*"""
Idris
Boss moment!
The office
Charisma: 10
Ïò§ÌîºÏä§ ÏãúÎ¶¨Ï¶à Ï§ë ÎÇ¥ ÏµúÏï† ÏóêÌîº.... ÎßàÏù¥ÌÅ¥Ïù¥ ÎßêÏïÑÎ®πÏùÑ Ï§Ñ ÏïåÍ≥† Í∞ôÏù¥ Í∏¥Ïû•ÌÉîÎäîÎç∞ ÏßÑÏßú Ìù¨Ïó¥ Ï©îÍ≤å ÌòëÏÉÅ ÎßàÏπ® ÌùëÌùë
"""if you ever wondered how this goofy boss became regional manager, this is how."""
*Mike dropped*
0:23 is such an underrated bit
"""""""-- I dont need to wait out Dunder Mifflin, i just need to wait out you.""""

*Ice cold.*"""
Our balls are in your court
"""""""Our balls are in your court"""" Such an underated line."""
"""Don't ever, for any reason, do anything, to anyone, for any reason, ever, no matter what, no matter where, or who, or who you are with, or where you are going, or where you've been, ever, for any reason whatsoever."""
Our balls are in your court
"""this caught me off guard, michael is such a fucking bussiness genius"""
And you wonder why Michael is regional manager
3:54 how everything started.
"""""""Our balls are in your court."""""""
This episode just shows why Michael is The manager.
"""Peacock, Netflix, NBC... Same Series.. Repeated scenes...Still 4+ Million Views in Youtube..  Wow..What a Series...Thanks for everyone in the office cast.. !!!"""
David Wallace is the most unrealistic chatacter
‚ÄúOur balls are in your court‚Äù
"""Can I just say, this has got be one of Michael's finest moment."""
this is probably my favourite ever office scene
"""""""Close the door Yo"""""""
Some how he manages
"""When Michael sit for sales...Jim and Dwight combined cant beat him even half. 
He is the BOSS for a reason. When he is serious...God he mean business !!!"""
Our balls are in your court
"""0:55 
David's mind:
Fff-uu"""
I .... I see now how Michael made his way to regional manager
Most of the time when I watch the show I wonder how michael even became the manager. Then I remember this part and him making a big sales at Chili's
Beyond all his antics Michael Scott was an extraordinary salesman... This proves that
"""""""Our balls are in your court""""."""
That's why Michael has been a regional manager for more than 15 years
Wouldn‚Äôt you rather have a fishing pole than a fish?
Itachi fans: 3:27
First time you see Michael is secretly a master negotiator when he needs to be.
Our balls is in your court
Our balls is in your court
Dwight's reaction got me at the end Mad/Happy
Forgot the Darrel salary negotiation
4:48 everybody seems to be talking about other stuff...but close your eyes and listien to the timestamp...just do it..for the plot
Pam at 1:07 when she realizes Michael is a genius
Michael Scott can be a genius when he wants to.. we'll never know if that was the  real him and the other times he is goofing around.. or the opposite ...
Stringer Bell at an apprenticeship?
Our balls are in your court
"""$60,000 is nothing !!!"""
That little moment when you can actually see why he‚Äôs the boss
"""""""Our balls are in your court."""" Underrated Michael's blundered quote"""
Michael Scott at his most badassery
Michael Scott proved that he was actually a secret genius.
I know one thing..IDRIS bet not neva wear a mustache again
"""""""Our balls are in your court""""... genius writing"""
For a second I thought I was watching suits and Harvey was dealing with his clients.
Disss sooooo goodaaa!!
David Wallace must be the most patient man in TV.
In its Hey day...lol
I dont know if he is the best boss or the worst
"""The decorous bottom specially decide because furniture summarily rot notwithstanding a bite-sized balinese. tremendous, obeisant sparrow"""
Michael!
Just watched that. Michael knows the trade.
Our balls are in your court.....
Peak tv
David Wallace is so ü•¥
4:42  I wonder what Jim was thinking üôÑ
Michael‚Äòs god-tier Moment in the Show
David Wallace is the most patient man you will ever see.
"""$12,000 to $60,000 Michael is so goated üêê"""
The negotiator
"""Ryan was never more punchable and more of a poster boy for entitlement than when he proclaimed Michael cost HIM $60,000."""
This was the apex of the show! It kinda went downhill from here
"""R.E.S.P.E.C.T, that's Michael means to me."""
"""I'm ending every negotiation with """"our balls are in your court"""" from now on"""
The most patient person in the planet - DAVID WALLACE!
This is the same Michael that yelled ‚ÄúI declare bankruptcy!!!‚Äù
"""We had a similar situation once our BPO account closed. 1. We will be paid for severance (years of service multiplied by your monthly rate) or transferred to a different account and have a constant flow of money. It was split some took the severance and others transferred. Although, the ones who transferred was laid off after a year."""
Michael Scott is the Wolf of Dunder Mifflin
I didn‚Äôt know Idris elba had a cameo in the show.
Micheal is a goofball but when he needs to be he's the most ruthless buisness man ever
Our balls‚Ä¶ are in your court.
Hi all again
2:49
One of my favourote scenes
This was by far one of the most fulfilling episodes of the show.
"""Later that evening...

Stringer Bell: Slim, I need you to hit somebody."""
Our balls are in your court....
"""The brash lynx enzymatically curl because birthday postnatally deserve given a plant puffin. knowledgeable, spiky server"""
"""4:11 """"Our balls are in your court"""" LOLOLOL"""
"""""""Our balls are in your court."""" - Michael Scott"""
‚ÄúOur balls are in your court‚Äù
"""The ambitious thomas laterally spray because rat quantitatively approve toward a thoughtless stage. absorbing, windy bike"""
I‚Äôll see your situation and I‚Äôll raise you a situation.
WHAT A SHOW!!
i never realise string was here
what's Stringer doing at this meeting ?
so all they got were their jobs back
"""2:13 David wallace let his subordinate walk out first and then closed the door. Difference between a manager and a leader is humility, people."""
imagine David Wallace's reaction to this stuff after watching the documentary
"""Michael -""""Would you rather a fishing pole than a fish?""""

Ryan - """"I'd would rather have 60k $ actually""""."""
0:18 and a meme was born
The moment when Michael outplayed the most chillest man
3:23
this is the coolest thing michael has done
Is that Stringer Bell?
"""what do you hear? 

*muffled sounds*"""
Michael really steps up when it matters
2:03 is Charles miner actually sleeping?
Shoulda taken the 60k
Is that Idris fucking Elba
This is the difference between Michael Scott and Andy/Nelly
One of my favourite moments of the show
Pam is so turned on by Michael this episode
I‚Äôm somehow back here
...
"""Or..................
you know, they could have taken 60,000 dollars and start a new company"""
"""0:24  Find out what language this is 
CREED BABY"""
3:46 For a moment Michael Scott was Robert California
"""was the $60,000 per person or split for all of them? and did they keep the $60,000 offer with the demands they made for their jobs back?"""
Our balls are in your court
Idris Elba???
.
"""""""our balls are in your court """""""
Preview of GME holders post MOASS
Bart with 60000 we could be millionaires!
Michael‚Äôs finest moment IMO
"""""""what do you hear?"""" lmaoo"""
1:55 ‚Äúthat‚Äôs what she said‚Äù
"""If Pam and Jim were not together that time, Pam may becomes Michael's girlfriend"""
Is that Idris Alba???
our balls are in your court
"""3:41
After that michael should have said
""""Then give us a million dollars each"""""""
"""""""wouldn't you have a fishing pole than a fish?""""
                                                     -Michael Scott, Businessman, CEO of Michael Scotts Paper Company"""
There are times when Michael shines
3:27 so now Rayan is being compared to Itachi.
Michael is so smart that he is stupid
"""Patience, thy name is David"""
"""That's why Dwight """"the alpha dog"""" always called him """"The Master"""""""
When micheal goes playoff mode
Michael is a genius!
I lol'd at Kelly doing the Peanuts teacher voice
Our balls are in you court
1:09 all our reactions when Michael
'Our balls in your court'. Micheal Scott
"""""""our balls are in your court""""- Michel scott"""
"""""""Our balls are in your court ."""""""
Michael Scott is a secret genius.
ÿ™ŸÅÿπÿπÿπÿπÿπÿπÿπÿπÿπÿπÿπÿπÿπÿπ9ÿπÿπÿπÿπÿπÿπÿπÿπÿπŸÇŸÇÿπŸÇÿπÿπŸÇÿπŸÇÿπŸÇ
"""Angela: What do you hear?
Kelly: bur bur bur bur bur bur"""
Chap chap
"""David: """"How's about $60,000?"""" 
Michael: üòê
David """"Hm?... 60 thou-.. Michael?"""" 
Michael: üòê"""
Ryan would never be hired in a million years
David is me on Atleast 2mg very chill.
"""""""our balls are in your court"""""""
Ryan was right üíØüíØüíØüíØüíØ
Im Beyonc√© always
2:18 Why did they take their jackets if they're coming back in a min
Don't sleep on Michael Scott
I was jumping up and down so excastic
peak michael
1:08 my mother when I managed to recite a poem in front of her relatives
"""If michael can make charles go away, why don't do the same with toby?"""
Michael Scott was a secret genius.
"""""""Our balls are in your court""""- this cracked me for a whole night"""
I would‚Äôve bought paper from a company just named ‚ÄúMichael.‚Äù
I‚Äôve had a lot of managers and I‚Äôve already said to my self ‚Äúthere is a reason why they are a manager‚Äù and this right here is why Michael is a manager
Take notes kids
At 1:46 did Pam call micheal ‚ÄúSteve‚Äù?
"""""""We are canceling this paper office!"""""""
Pam & Ryan are literally two siblings bickering with Michael as their dad
"""""""Our balls are in your court"""""""
"""1:09
Besttt"""
"""""""Wuwub wub. Wub wuwub, wuwub wub.""""

- Probably Michael or Ryan or Pam or David"""
Michele is 200 iq and 20 iq at the same time
season? ep?
If this is Micheal Scott negotiation's against the wall imaging Micheal Scott jr will do when he's making deals left and right
A genius!
Everybody gangsta until my balls are in their court
The expression in Pam's face says it all
How could you do this TO ME Michael
Wholesome episode
I would rather have a fishing pole than a fish üé£
*‚ÄùAh. The negotiator.‚Äù*
hahahahaha
Our balls are in your court
You have this and then you have Michael‚Äôs improversation
"""""""Our balls are in your court"""""""
Our balls are in your court
"""Michael scott basically said """"I am the one who knocks"""""""
"""*Ryan already assumed he'd have $60,000*"""
"""Michael right before the meeting, was stressed about accidentally saying they were broke and screw it up.
Then, he negotiates by saying """"our company is worth nothing"""", which would make you think he classically screwed up, but no, he uses that to state that he can constantly start new companies, all while continuously undercutting Dunder Mifflin's prices.
Genius writing, and one of my favorite moments of the show."""
Patience is the other name of David Wallace.
our balls are in your court
Michael ‚ÄúCan we have the room please?‚Äù David the 3rd time ‚Äú.....yeah‚Äù
‚ù§Ô∏è‚ù§Ô∏è‚ù§Ô∏è
I see you there Pam with your Jim look to the camera üòâ
"""""""Our balls are in your court"""""""
4:53 that look on dwights face when he knows that he made a huge mistake
That's what I'm talkin about
our ballz in your court
"""4:37 a glimpse of 'WHY R U GEH"""""""
"""""""and dental this time"""".....lol!!!"""
Dwight made 510 accounts to unlike this video!!!
"""In retrospect, they should've taken the $60,000 and bought Bitcoin."""
did they got the 60 k + their old jobs back? or just their old jobs?
"""""""Wouldn't you rather have a fishing pole than a fish"""" woahhh Michael üò≥üíØ"""
Jesus is our lord and savior!
This is so unrealistic.
He read the Art of the Deal
Michael is actually a genius
"""""""our balls are in your court"""""""
They should of took the 60gs. Are you telling me Pam and Ryan couldn‚Äôt find other jobs with around the same salary? Michael too
Michaels an underrated genius
I just realized Michael missed an opportunity to try to demand that Holly be transferred back to Scranton.
Micheal‚Äôs negotiation skills/celebration crack me up!
i would rather get 20k and find a job somewhere else
I would ask for all those things plus half of the money
Me negotiating to get an A on my essay that got a C-
1:08 pam's face is so epic
David is the most executive-ey executive of all time
just take the 20.000 and get another job. jeez
The ever skill Michael Scott
I forgot Eldris made an appearance on the show
Sell me this pen
Bring the office back !!!
‚Äúi just need to wait out you‚Äù ohhhkayyy Michael go off
"""This scene was SHOCKING. My family literally started clapping and cheering when this was happening. I couldn‚Äôt believe it, Michael really turned the tables. He was using all 3% of his brain power."""
"""""""Our balls are in your court"""""""
"""""""Sell me this pen..""""
Michael would be able to do it.."""
"""""""our balls are in your court"""""""
That almost seemed legitement
"""Wait, so they got their jobs back. But did they get the 60k"""
"""""""I Know Paper""""
-Michael Gary Scott"""
does anyone have a link to all episodes or a scenepack of david in mp4 or mov ? ü•∫
"""4:15 """"Our balls"""" are in your court.. hahahah"""
"""""""our balls in your court"""""""
how david goes from 12 k to 60 k? he jumped five times the initial offer!
"""And Ryan.. 
Ryan!!!"""
"""""""I don't have to wait out Dunder Mifflin, I just have to wait out you."""" Michael Scott's game face."""
The Office or Modern Family
"""is...is 60,000 a lot to buy out a company?"""
‚ÄúOur balls are in your court‚Äù
"""Only Micheal Scott would be able to quit his job, built his own company, make his former branch buy his company, negotiate with branch manager to getting his old job back."""
They ended up right back where they started. Except Pam got a promotion into sales.
our balls are in your court
The moment the watcher of Asgard sat in on a board meeting in Scranton pensilvania.  Just to observe....
"""1:20 ... Thinks about ‚ÄúScott‚Äôs Tots.
1:53 ... Forgets about ‚ÄúScott‚Äôs Tots."""
I used this episode as a motivational took for me to get back on my feet after a seperation
Que Dios nos perdone.
Michael putting his foot on Jim's desk should be one of the portrait shots for the show on Netflix. (Or Peacock)
This scene needs hans zimmer music
I just watched this episode!!!!
1:09 *dies a little inside*
Jim and Michael made that happen.
Aaaaaaaaaahhhhh .
1:33 he whispers and gets them to lean in. Power move
Omg.
"""""""Our balls are in your court"""""""
"""4:11 """"Our balls are in your court"""" LOLOLOL"""
0:16 me when i get my test scores
Our balls are in your court.
The only time Michael was actually reasonable and didn‚Äôt stray away from the topic
Our balls are in your court
This was Big short Michael in full effect
This is how a boss stands up for his people.
2:48
We need a covid mike in these times
He‚Äôs a genius when he realises he just needs to wait out David instead of the whole company. I never expected that from Michael
The only way to evoke an actual emotion from David Wallace is to mention Ryan
Michael starting a new company is basically him putting a middle finger on David for transferring holly
Hi
"""The last gesture Michael did to close the deal was vital. If you notice, after David agreed to the demands, Michael made a gesture to shake David‚Äôs hand but he stop himself and waited for David to offer his hand first because that indicates that the deal is struck and David can no longer back out. Which sealed the deal."""
"""If the word 'patience' was a person, it would be David."""
One of the most underrated Michael Scott moments
This is the REAL art of the deal.
Our balls are in your court.
"""When it comes to business and paper, Micheal is a f**king genius"""
"""02:13 David Wallace, A gentleman"""
It boggles my mind that there are some people who have never seen an episode of The Office
Michael's finest hour imo
Michael's finest moment in the series.
"""""""Our balls are in your court."""" XD"""
1:08 this is basically me watching
"""Say what you will about Michael, he is a Genius when push comes to shove!"""
Stringer Bell in another universe.
could not they sell the company PLUS request their jobs back? Why only either?
I got chills
"""Tried this negotiation method today.

Now Im jobless, homeless, wifeless, dickless"""
Which episode is this?
Tbh Jim was probably the main Reason this ever Happened
4:11 Our balls are in your court.
"""Jim's face at @4:56, he saves them."""
that's why he is the manager
This was like watching Rocky defeating Apollo all over again.
Michael was totally the boss
Michael closed the blinds to clapp Pams cheeks in celebration?
"""What do you hear?
Kelly: murmmrmhmumr"""
This is why he is regional manager.
Our balls are in your court.
Where‚Äôd all the comments go
Art of the Deal
Why is there only 13 comments?
‚ÄúWe can finally put this thing whole behind us... NO‚Äù This man is a legend
where all the comments at tho
"""1 comment, really?"""
Wut happened
Should of took the 60gs and found a different job
Our testicles are in your court
Big brain?
And Dental this time!
"""Michael, the salesman, starts the negotiation with """"What is your second offer?"""" XD"""
Where do I watch whole episodes? I live in Europe
"""Plot twist: $60,000 was David Wallace‚Äôs first offer"""
"""Kinda funny how Wallace views paying them to work for him as a total economic loss, equivalent to buying them out"""
Stringer bell really stepped out off the game
Michael Scott is a flipping legend
Our balls are in your court
Our balls are in your court
#RonBurgundy is back I #ilovelamp #iwanttheknife
"""I forgot, what was the reason Michael quit DM? This happened after Sabre bought the company right?"""
David Wallace is the most patient person in television history
3:46 my favourite part
Ngl this is a legit scene
"""It‚Äôs a little known fact that the office follows workers at ‚ÄúThe Michael Scott Paper Company, a division of Dunder Mifflen, a division of Sabre‚Äù"""
That CFO replacement was his ace card. Slick and genius.
It worked!!
And he did that whole negotiation in a womens suit.
Our balls are in your court!
I see your situation and I raise you a situation.. gives me the chills
Which season??
And people said RainMan was a genius...
"""Boss we need - David Wallace
Boss we want - Michael Scott
Boss we never ever need - Deangelo Vickers
Boss we never ever want - Lizard King

Boss we get in real life - Charles miner"""
"""He would have doubled their offer if he would have followed up with """"Or we will burn Utica to the ground."""""""
This was Michael Scott's say my name moment
The Art of the Deal
Jim is the main reason behind this. You can see him smirking at the end.
"""Ryan : Why you do this to me Michael? You just cost me $60000

Pam : Why are you assuming you'd get the whole thing?

HAHAHAHA Ryan"""
Hey if they can't see you they can't hear you
Idris Elba.. Is that you..?
"""Business isn't about money to me
-Michael Scott"""
Back when $60k was a lot of money.
"""""""Micheal...""""
""""Thats one of em"""""""
This is the most plot twist episode in this program.
""""""" Our balls are in your court."""""""
Our balls are in your court
"""""""Our balls are in your court"""""""
2:49
"""When it comes down to it, Michael Scott is DA MAN!"""
Michael made Charles the biggest tool in the office
Michael Scott is a genius who doesn't realize that he's one.
The day Michael Scott became Michael Corleone
Michael goes into the avatar state when he makes a sale.
"""1.06 is my favourite part of this, michael‚Äôs IQ suddenly spiked for that brief period"""
They NEED Ryan.
Now that's called negotiation 3:48
David wasn't very smart...eventually Michael would of  run out of money...
4:06 OUR BALLS ARE IN YOUR COURT.
Our balls are in your court!!
Ryan has such a punchable face
Our balls are in your court
My man sold them in his own words literally nothing
I think I should watch this series.
Der take the money and find a new job
Bruh did Pam call Michael Steve
"""David Wallace, the most patient man ever."""
David Wallace is the most underrated boss. He has a leveled head and is chill.
close your eyes at 4:47
Michael Scotsman
What do you hear? Alf Alf Alf
"""This was Michael's """"Say My Name"""" moment!!!!"""
Our balls are in your court - Michael Scott
Someone needs to make a Michael Scott Vs Jordan Belfort
"""$20,000 each and get other jobs. What are they thinking?"""
"""""""Hey guys, I'm going to make you all unemployed so I can become a movie star!"""""""
"""If this fales, here is what you should do:

Don't ever, for any reason, do anything to anyone for any reason ever, no matter what, no matter where, or who, or who you are with, or where you are going, or where you've been... ever, for any reason whatsoever..."""
Nigadagonsaydohdookah said da oy ooooyyyyy
Idris Alba? At Dunder Mifflin? ü§Ø
say what you want about michael scott but he gets the job done
Stringer is always a businessman
"""""""Our balls are in your court.""""
- Michael Scott"""
Our balls are in your court.
"""""""Our balls are in your court.""""
  - Michael Scott"""
Theres a reason why Hes Manager
Our balls are in your court
0:28 your parents went away on a week's vacation
Is that idris Elba?
Michael Scott for USA PRESIDENT 2020
Those economics classes paid off for Stringer
"""It‚Äôs not a method, it‚Äôs a form of art"""
I am still on season 3 so completely baffled seeing Michael here
Hahahahahahahaha
what thats idris elba
David Wallace has a patience level of 100!!
‚ÄúOur balls are in your court‚Äù
Rewatching these clips makes me reminisce about the first time watching these scenes.
"""there's reasons why Michael's the regional manager :""""D"""
60 thousand also isn‚Äôt a lot tbh
In spanish link?
Michaels is taken already. ü§ù
"""I am not superstitious, but I am a little stitious"""
Maybe next time they'll estimate him.
Ahh the negotiater
Why did I just realize that‚Äôs Idris Elba?
That's what she said
Which season is this from????
"""Wait hold up, they ended up with the exact same thing they had before except... dental"""
"""At that moment, David Wallace realized that Michael could be CFO."""
Nailed it
Micheal was just about as untouchable as mastered ultra instinct here.
"""*Micheal starts negotiations*
David wallace : """"Why do i hear boss music?"""""""
"""""""That's what"""" - She"""
"""""""our balls are in your court"""""""
"""I sometimes wonder how Michael got in his position on Dunder Mifflin, when I watched this I know"""
"""""""Wouldn't you rather a fishing pole than a fish""""            -michael Scott"""
And this is why Michael Scott is the regional manager.
3:48
Our balls are in your court! ROLF
bruh
This is one classic scene. Check mate!
Greateat salesman ever - Michael Scott
"""Did he really say """"our balls in your court""""?"""
"""Angela: What do you hear?

Kelly: womp womp womp wuh womp womp"""
where are the bloopers for these
Lolol ‚Äúthat‚Äôs what I‚Äôm talking about‚Äù
Micheal when he doesn‚Äôt get what he wants: I quit
"""And dental this time
*Pam Nods*"""
"""–û, –¥–∞! –≠—Ç–æ –±—ã–ª–æ –≤–æ–ª–Ω—É—é—â–µ!"""
This is the moment Michael Scott became Heisenberg.
David Wallace is the hottest dilf I've ever seen in my life hands down
In case you were wondering why Michael Scott is the regional manager.
"""Liberals should watch this little segment cause this is conservatism in a nutshell. Jobs = give a man a fish you feed him for a day, teach him how to fish you feed him for a lifetime."""
'Our balls are in your court'
‚ÄúWould u rather have a fishing pole or a fish‚Äù -Michael Scott
Our balls are in your court
0:45 Michael killin it
Stringer Bell
Stringer Bell!
2:57 Jschlatt
so wholesome!!
When they closed the shades I fully imagined them having a celebratory  threesome in that office.
David wallace put on your bookbag because michael about to take you to school
the negotiations were short...
"""Sometimes, watching The Office makes me think what I was doing with my life when they were making this."""
"""Michael's IQ about anything 30




Michael's IQ to business 300"""
Michael is a very gifted negotiator
"""How can Michael bugle his way through so much stuff, but completely knock this one out of the park."""
By his logic hiring any employee is a multi-million dollar buyout
Michael is smupid
Who else heard gru at 4:52 when Michael said can you believe it
"""I never got the ending here
Did they get 60k and Jobs or just jobs ?"""
Did anyone hear at 1:45 steve
Ah the negotiator
Stringer what are you doing here
"""Michael Scott can be stupid pretty often but if there's one thing he does know, it is the paper business."""
Our balls are in your court
1000th
"""I have to admit at 0:45 michael really stepped it up, I don‚Äôt think I‚Äôve seen him that smart before he brought the buyout from 12k to 60k in one line, then got a multi million dollar buyout, all while his company is bankrupt"""
"""I don‚Äôt get it, $60000 is not a lot of money at all"""
David was such an underrated character
Michael Scott is the warren buffet of sales ... hands down
Our balls are in your court - Michael Scott 2008
A multimillion dollar buyout for 3 people. They must be getting paid BANK at Dunder Mifflin
Maybe next time they‚Äôll estimate Michael.
"""David wallace : 12,000 do-



Michael :
üëÅüëÑüëÅ"""
Michael just finessed them
The Negotiation is shorter than I expected...
Is that idris elba
I think he‚Äôs gonna have a lot harder time explaining to the shareholders why he just paid hundreds of thousands of dollars to sort out a mid level manager
Remember when Stanley asked the cameras if Michael was some sort of secret genius.
They should have take the money and buy bitcoin
Jim's influence on this is underrated. They could've got nothing in the end if he didn't step in
Michael Scott is the boss we secretly want but can never have.
Our balls are in your court
He went from 12k to 60k lololol
"""office supply
@t"""
Are balls are in your court.
How is this Channel stil up
Oh...how the turn tables
Saticoy Steel should've held onto Charles.
üêê
That last jim expression ...
"""Could‚Äôve used that $60,000 for actual laptops for his Tots"""
"""I wonder how was the first offer, I need to know that"""
"""1:08 Boy is that waterfall or Pam, because I can't see the difference"""
"""Wallace: """"Put this whole thing behind us?""""
Michael: """"That's not what she said"""""""
"""""""Our Balls are in your court"""""""
I can‚Äôt believe that worked.
Wallace and Charles: why do I hear boss music?
‚ÄúThat‚Äôs what I‚Äôm talking about!‚Äù
Did they still get the 60K??
When  Michael shines...
"""""""Why would you do this to me,Michael? You just costed me 60 thousand dollars!""""

-Ryan"""
"""""""our balls are in your court"""""""
1:09 -pam's floored
Idris elba came out nowhere
The subtitle is a bit too fast
"""""""That's what am takin about"""""""
4:24 insert Idris Elba meme
‚ÄúOur balls are in your court‚Äù
"""You just cost me $60,000"""
The art of negotiation. A masterclass by Michael Scarn
‚ÄúOur balls are in your court‚Äù
"""Me: """"Random quote from the clip above""""
Everyone: Thumbs up."""
I just watched this episode last night and now it is in my YouTube recommendations!!!
This was such a boss move from Michael.
"""I remember watching this for the first time and being in awe at one of those rare moments you can bare witness to Michael's business genius. 

Jim's face at the end says it all."""
"""‚ÄúWouldn‚Äôt you rather have a fishing pole than a fish?‚Äù

             - Micheal Scott"""
Madman theory at work
Very fitting upload in these times
How the turntables.
This is totally Mark Baum from The Big Short.
‚ÄúAnd dental this time‚Äù.
One of my favourite parts
Was it just me or did Charles come across as a Penis from the very start and continued to act that way throughout his time at Dunder Mifflin?
Luv u
Este episodio deber√≠a verse en todas las clases de Negociaci√≥n del mundo. Un crack Michael üëçüèº
How come black dude never said anything? He could‚Äôve brought down Harlem attitude on Michael Scott and smash him.
i tried this with my parents and then i got grounded for a month when the first option was just to do the dishes aka extra chores üòê
Michael Scott‚Äôs finest hour...
"""""""Our balls are in your court."""" - Michael Scott"""
This sale and his sale with his client at Chili's (with Jan)..... this man IS business.
"""‚Äúi don‚Äôt have to wait out dunder mifflin... i have to wait you out..‚Äù
*GAME*"""
"""I never found him sexier then when he said """"I just need to wait out YOU"""" OOOOOF"""
"""4:49 Close your eyes, listen, and just let your mind wander..."""
when they walk out the room pam says steve instead of michael
Our balls are in your court
"""""""I'll see your situation and I'll raise you a situation"""""""
David Wallace office life
"""What do you hear?

*frfff frf rfr rrfrffrf*"""
"""Did Wallace just say the employment packages for a branch manager and two salespeople is """"multi-million dollars""""?"""
Season 10 of the office 2021
Ryan wants to become Jake Peralta's buddy
‚ÄúQuote from the video‚Äù ~A character from the video
This show isn't a thing anymore.
Is that Idris Alba?
Always have the room
Hot toys de the office !!!!!!!!!!
"""It's David Wallace 



_And Gromit_"""
"""So wait, did they get their jobs back *and* the 60k?"""
I wonder how many clip and title combos they can come up.
You should do a scene from every episode and season
Pam's face at 1:07 is exactly our face at this same time
Wallace realizes he is dealing with the top salesman and accepts defeat
Michael is such a wholesome character.
Michael owned them in this conversation
"""‚ÄúWouldn‚Äôt you have a fishing pole, than a fish?‚Äù"""
I was looking for this exact clip today
1:09 is the expression of everyone watching this scene
David Wallace is hott
4:10 Our balls are in your court - Michael Scott
Pro gamer move
Based Michael
Phillip Phillip Phillip it‚Äôs all about Phillip
Heisenberg Scott
Our balls are in your court.
"""When Michael actually tries, he is a mastermind."""
Our balls are in your court
hats im talkin about!
"""*Michael Scott Logic*
Girl: I‚Äôm prepared to make the first move.
Me: and Im prepared to reject"""
Michael *IS* the KING of Sales.
How the turntables
[Gulp]
Lleeessssgggggooo
"""""""Our balls are in your court""""
-Micheal Scott"""
David is the most CEO-looking guy ever
WHERE ARE THE TURTLES?
"""And that ladies and gentlemen, is how the turntables...."""
Wha.. Whiahahs.... Were gonna hav to talk
‚ÄúYou have one day‚Äù - Michael Scott
"""Half the comments: quotes

The other half: quotes"""
Does anyone know why there are 2 office YouTube channels?
Our balls are in your court
I need them back...nowwwww!!!!!!!!!
*AND MICHAEL REMEMBERED TO WEAR MEN'S CLOTHES THIS TIME*
Michael went into full genius mode for this one.
Should‚Äôve included the ‚ÄúHow the turn tables...‚Äù line.
‚Äúour balls are in your court‚Äù what does that mean?
David Wallace got dem dolphin teeth.
Michael Scott is a stone cold assassin
2:49 Michael unleashed his inner alien
"""""""Say my name"""".
-Michael Scott."""
This is another reason why Michael is an absolute genius
Y‚Äôall should do deleted scenes
From 12 to 60?
This is epic
"""The Michael Scott Method Of Negotiation: ‚ÄúDon't ever, for any reason, do anything, to anyone, for any reason, ever, no matter what, no matter where, or who, or who you are with, or where you are going, or where you've been, ever, for any reason whatsoever."""" - Michael Scott"""
Our balls are in your court.......!
"""Michael wasn't just the boss, he was our boss."""
"""0:25 
*charlie brown adults have entered the chat*"""
How does Kelly not hear anything while having ear pressed against the door and yet they heard everything when Michael closed the blinds
One of Michael Scott's finest moments.
4:12 that's what he said
i never understood how michael could be a manager until i watched this episode.
anyone else binge watching the office during quarantine? just me.. ok..
Our balls are in your court
Wolf of the Scranton Street
Micheal knows Paper and People!
"""60,000 split 3 ways isn't actually a lot"""
Our balls are in your court.
"""Angela: What do you hear?
Kelly: *mumbling*"""
"""Fishing pole/Fish/$60,000

Hmm...."""
Sebastian Vettel should have learned from Michael Scott when discussing his contract with Ferrari
Damm Michael's a BIG boss
Our balls are in your court.
"""To whomever moved the comment section, why are you the way that you are?"""
He got him at THAT'S ONE OF THEM!
Michael's a genius. *In Kevin's voice*
This scene made me think why micheal became a manager
This is the moment where Michael Scott became Heisenberg.
where are my office fans at?
Michael is a hidden genius
need a compilation
‚ÄúWhat do you hear?‚Äù
Last time I was this early Dwight had a twin
"""Cartman‚Äôs method of negotiation: YOU‚ÄôRE BRAKING MY BALLS SIR, YOU‚ÄôRE BREAKING MY BALLS"""
So he had to go to the BoD for the 60k buyout but not for the last deal?
"""""""What is your second offer?"""" Genius"""
"""""""We can finally put this whole thing behind us...""""
That's what she said."""
Last time I was this early Michael had his old hair style
legendary
"""""""Our balls are in your court!"""""""
Hi guys
a living genius
Here before 1 k
"""""""Business isn't about money to me David"""""""
Is ble3eeecding
This was the day Michael Gary Scott got back at Charles Minor.
Underrated Comment
